,SearchState,SearchCity,Category,SearchTitle,Title,Company,Stars,Location,Wage,Remote
0, Mississippi,Jackson,11,Facilities Manager,Director of Facilities,Chapel Hill Solutions,4.6,"Jackson, MS","From $100,000 a year",Not Remote
1, Mississippi,Jackson,11,Facilities Manager,Maintenance Supervisor,"Blue Magma Residential, LLC",3.0,"Richland, MS",Unknown,Not Remote
2, Mississippi,Jackson,11,Facilities Manager,"Senior Maintenance Manager - Relocate to Kansas City, KS",Elite Line Services,2.9,United States,"$138,000 - $145,000 a year",Not Remote
3, Mississippi,Jackson,11,Facilities Manager,Facilities Maint Manager,Mississippi State Personnel Board,3.2,"Hinds County, MS","$26,612 a year",Not Remote
4, Mississippi,Jackson,11,Facilities Manager,Director of Facilities,Chapel Hill Solutions,4.6,"Jackson, MS","From $100,000 a year",Not Remote
5, Mississippi,Jackson,11,Facilities Manager,Maintenance Supervisor,TESCO Properties,,"Jackson, MS",$18 - $24 an hour,Not Remote
6, Mississippi,Jackson,11,Facilities Manager,Facilities Maint Manager,State of Mississippi,3.2,"Jackson, MS",Unknown,Not Remote
7, Mississippi,Jackson,11,Facilities Manager,Maintenance Supervisor,"Blue Magma Residential, LLC",3.0,"Richland, MS",Unknown,Not Remote
0, Mississippi,Jackson,11,Funeral Home Managers,Family Service Counselor,"SCI Shared Resources, LLC",3.1,"Ridgeland, MS",Unknown,Not Remote
0, Mississippi,Jackson,11,Manager,Accounting Manager,UniTek Global Services,,"Jackson, MS","$70,000 - $125,000 a year",Not Remote
1, Mississippi,Jackson,11,Manager,GROCERY DISTRIBUTION MANAGER DESIGNATE,McLane - Grocery,3.3,"Jackson, MS",Unknown,Not Remote
2, Mississippi,Jackson,11,Manager,Certified Dietary Manager-Belhaven Senior Care,BELHAVEN SENIOR CARE,,"Jackson, MS",$20 - $25 an hour,Not Remote
3, Mississippi,Jackson,11,Manager,Restaurant General Manager,1788 Chicken DBA Zaxby's,4.0,"Flowood, MS","$46,000 - $60,000 a year",Not Remote
4, Mississippi,Jackson,11,Manager,TRANSPORTATION MANAGER,McLane - Grocery,3.3,"Jackson, MS",Unknown,Not Remote
5, Mississippi,Jackson,11,Manager,Project Manager,All Star Millwork,,"Jackson, MS","$36,000 - $42,000 a year",Not Remote
6, Mississippi,Jackson,11,Manager,"DISTRICT MANAGER- Jackson, MS",Dollar Tree,3.4,"Jackson, MS",Unknown,Not Remote
7, Mississippi,Jackson,11,Manager,Population Health Manager,St. Dominic Hospital,4.0,"Jackson, MS",Unknown,Not Remote
8, Mississippi,Jackson,11,Manager,Branch Manager,First Heritage Credit,3.0,"Richland, MS",$21 - $24 an hour,Not Remote
9, Mississippi,Jackson,11,Manager,"Manager, Night Warehouse I",US Foods,3.4,"Flowood, MS",Unknown,Not Remote
10, Mississippi,Jackson,11,Manager,Manufacturing Manager,Milwaukee Tool,3.7,"Jackson, MS",Unknown,Not Remote
11, Mississippi,Jackson,11,Manager,Manager in Training,LPG Agency,,"Jackson, MS","$47,000 - $77,000 a year",Temporarily remote
12, Mississippi,Jackson,11,Manager,Manager- Madison Clinics-FT-Day Shift,Flowood River Oaks Med Group,,"Flowood, MS",Unknown,Not Remote
13, Mississippi,Jackson,11,Manager,Community Manager -Job # 479,"Carter Funds, LLC",,"Byram, MS",Unknown,Not Remote
14, Mississippi,Jackson,11,Manager,ES-Employment Manager IV,Mississippi State Personnel Board,3.2,"Hinds County, MS","$57,454 a year",Not Remote
15, Mississippi,Jackson,11,Manager,"Manager, Production",Premium Waters,3.1,"Byram, MS",Unknown,Not Remote
16, Mississippi,Jackson,11,Manager,Museum Manager,"City of Jackson, MS",4.1,"Jackson, MS",$18.18 an hour,Not Remote
17, Mississippi,Jackson,11,Manager,Accounting Manager,UniTek Global Services,,"Jackson, MS","$70,000 - $125,000 a year",Not Remote
18, Mississippi,Jackson,11,Manager,RESTAURANT MANAGER IN TRAINING,Cookout Restaurants,3.3,"Jackson, MS","$45,000 - $75,000 a year",Not Remote
19, Mississippi,Jackson,11,Manager,Subway Manager,Subway,3.6,"Flowood, MS",Unknown,Not Remote
20, Mississippi,Jackson,11,Manager,Human Resources Manager,HRI Development LLC,,"Jackson, MS",Unknown,Not Remote
21, Mississippi,Jackson,11,Manager,Store Manager,Now Optics,2.3,"Ridgeland, MS",Unknown,Not Remote
22, Mississippi,Jackson,11,Manager,NIGHT SHIPPING MANAGER--Jackson,Merchants Foodservice,2.8,"Jackson, MS","$65,000 - $85,000 a year",Not Remote
23, Mississippi,Jackson,11,Manager,Assistant Manager/Compliance,TESCO Properties,,"Jackson, MS",Up to $17 an hour,Not Remote
24, Mississippi,Jackson,11,Manager,General Manager,"Chicken Salad Chick, Flowood, MS",,"Ridgeland, MS","$60,000 - $70,000 a year",Not Remote
25, Mississippi,Jackson,11,Manager,"Area Sales Manager - Hattiesburg, MS",Capital One - US,3.9,"Jackson, MS",Unknown,Remote
26, Mississippi,Jackson,11,Manager,Relationship Manager Associate,Trustmark National Bank,3.8,"Jackson, MS",Unknown,Not Remote
27, Mississippi,Jackson,11,Manager,Social Media Manager,LPG Agency,,"Jackson, MS",$18 - $22 an hour,Temporarily remote
28, Mississippi,Jackson,11,Manager,Regional Manager,Revert Systems,,"Jackson, MS","$100,000 - $200,000 a year",Not Remote
29, Mississippi,Jackson,11,Manager,Free People Assistant Visual Manager,Free People,3.9,"Ridgeland, MS",Unknown,Not Remote
30, Mississippi,Jackson,11,Manager,Property Manager,Beztak,3.5,"Jackson, MS",Unknown,Not Remote
31, Mississippi,Jackson,11,Manager,"Branch Manager - Trainee (Market Expansion) S University Ave and Midtown Ave Branch - Little Rock, AR","JPMorgan Chase Bank, N.A.",3.9,"Clinton, MS",Unknown,Not Remote
32, Mississippi,Jackson,11,Manager,Manager Trainee - Operations (Travel Program; Relocation Required),Biolife Plasma Services,3.5,"Jackson, MS","$50,000 a year",Not Remote
33, Mississippi,Jackson,11,Manager,General Manager,"Chicken Salad Chick, Flowood, MS",,"Jackson, MS","$60,000 - $70,000 a year",Not Remote
34, Mississippi,Jackson,11,Manager,Corporate Relationship Manager,United Way,4.2,"Jackson, MS",Unknown,Not Remote
35, Mississippi,Jackson,11,Manager,Utilization Manager (ABA),Centene Corporation,3.2,"Jackson, MS",Unknown,Not Remote
36, Mississippi,Jackson,11,Manager,Project Manager,All Star Millwork,,"Jackson, MS","$36,000 - $42,000 a year",Not Remote
37, Mississippi,Jackson,11,Manager,Business Lines Territory Manager,Liberty Mutual Insurance,3.6,"Jackson, MS","$75,000 a year",Not Remote
38, Mississippi,Jackson,11,Manager,General Manager,"Chicken Salad Chick, Flowood, MS",,"Flowood, MS","$60,000 - $70,000 a year",Not Remote
39, Mississippi,Jackson,11,Manager,Portfolio Manager,Hope Enterprise Corporation/Hope Credit Union,,"Jackson, MS","$54,000 - $74,000 a year",Remote
40, Mississippi,Jackson,11,Manager,"Manager, Oncology Diagnostics - Central District",AstraZeneca,4.1,"Jackson, MS",Unknown,Not Remote
41, Mississippi,Jackson,11,Manager,Registered Nurse- Assistant Nurse Manager(Primary Care),US Department of Veterans Affairs,3.8,"Jackson, MS","$52,538 - $125,776 a year",Not Remote
42, Mississippi,Jackson,11,Manager,Human Resource Manager,Sheraton Flowood,3.1,"Flowood, MS",Unknown,Not Remote
43, Mississippi,Jackson,11,Manager,Organizational Change Manager,"Cambria Solutions, Inc",,"Jackson, MS",Unknown,Not Remote
44, Mississippi,Jackson,11,Manager,Property Manager,Oakland Management Corp,2.0,"Jackson, MS",Unknown,Not Remote
45, Mississippi,Jackson,11,Manager,Account Development Manager,PPG Industries,3.4,"Jackson, MS",Unknown,Not Remote
46, Mississippi,Jackson,11,Manager,General Manager,McDonald's,3.5,"Jackson, MS","$10,200 a year ++",Not Remote
47, Mississippi,Jackson,11,Manager,Sales Manager,Colonial Life,3.6,"Jackson, MS",Unknown,Not Remote
48, Mississippi,Jackson,11,Manager,Office Manager,Aspen Dental,2.6,"Clinton, MS",Unknown,Not Remote
49, Mississippi,Jackson,11,Manager,Manager - Single IRB Operations,The University of Mississippi Medical Center,3.9,"Jackson, MS",Unknown,Not Remote
50, Mississippi,Jackson,11,Manager,"Manager, DEI Engagement",KPMG,4.0,"Jackson, MS",Unknown,Not Remote
51, Mississippi,Jackson,11,Manager,WING INSPECTION PROGRAM MANAGER,US Department of the Air Force,4.4,"Flowood, MS","$64,649 - $84,049 a year",Not Remote
52, Mississippi,Jackson,11,Manager,RETAIL DISTRICT MANAGER,Dollar General,3.1,"Jackson, MS",Unknown,Not Remote
53, Mississippi,Jackson,11,Manager,"Assistant Manager, Hope Lodge",AMERICAN CANCER SOCIETY,3.9,"Jackson, MS",Unknown,Not Remote
54, Mississippi,Jackson,11,Manager,Health Information Operations Supervisor,CIOX Health,2.8,"Jackson, MS",Unknown,Not Remote
55, Mississippi,Jackson,11,Manager,Production Shift Supervisor,U.S. SILICA,3.2,"Jackson, MS",Unknown,Not Remote
0, Mississippi,Jackson,11,Personal Service Managers,Director Plant Operations,Mississippi Baptist Medical Center,4.1,"Jackson, MS",From $26.47 an hour,Not Remote
1, Mississippi,Jackson,11,Personal Service Managers,32-01 Property Manager,Multi-South Management Services,,"Jackson, MS",$15 - $22 an hour,Not Remote
2, Mississippi,Jackson,11,Personal Service Managers,Personal Care Supervisor/ Care Manager,Caring Senior Service,3.5,"Flowood, MS","$27,000 - $32,000 a year",Not Remote
3, Mississippi,Jackson,11,Personal Service Managers,Business Lines Territory Manager,Liberty Mutual Insurance,3.6,"Jackson, MS","$75,000 a year",Not Remote
4, Mississippi,Jackson,11,Personal Service Managers,Service Advisor,Gray Daniels Ford Lincoln,2.5,"Brandon, MS",Unknown,Not Remote
5, Mississippi,Jackson,11,Personal Service Managers,Customer Service Associate,WALGREENS,3.6,"Jackson, MS",Unknown,Not Remote
6, Mississippi,Jackson,11,Personal Service Managers,Personal Banker,BancorpSouth,3.8,"Jackson, MS",Unknown,Not Remote
7, Mississippi,Jackson,11,Personal Service Managers,President and CEO,Refill Cafe LLC d/b/a Refill Jackson Initiative,,"Jackson, MS","From $75,000 a year",Not Remote
8, Mississippi,Jackson,11,Personal Service Managers,Server and Bartender,Red Lobster,3.7,"Jackson, MS",Unknown,Not Remote
9, Mississippi,Jackson,11,Personal Service Managers,Personal Care Supervisor/ Care Manager,Caring Senior Service,3.5,"Flowood, MS","$27,000 - $32,000 a year",Not Remote
10, Mississippi,Jackson,11,Personal Service Managers,Branch Manager,First Heritage Credit,3.0,"Richland, MS",$21 - $24 an hour,Not Remote
11, Mississippi,Jackson,11,Personal Service Managers,Collections Specialist,Parallon,3.2,"Jackson, MS",Unknown,Remote
12, Mississippi,Jackson,11,Personal Service Managers,"DISTRICT MANAGER- Jackson, MS",Dollar Tree,3.4,"Jackson, MS",Unknown,Not Remote
13, Mississippi,Jackson,11,Personal Service Managers,Service Advisor,Gray Daniels Ford Lincoln,2.5,"Brandon, MS",Unknown,Not Remote
14, Mississippi,Jackson,11,Personal Service Managers,Customer Service Associate,WALGREENS,3.6,"Ridgeland, MS",Unknown,Not Remote
15, Mississippi,Jackson,11,Personal Service Managers,"Part Time 20 - OnSite Service Representative ( Grenada, MS )",Grainger,3.7,"Jackson, MS",Unknown,Not Remote
16, Mississippi,Jackson,11,Personal Service Managers,Resource Management Specialist,US Department of Agriculture,4.1,"Ridgeland, MS","$53,433 - $69,462 a year",Remote
17, Mississippi,Jackson,11,Personal Service Managers,Auto Glass Technician Trainee - $16/hr After Paid Training,Safelite Group,3.3,"Pearl, MS",$16 an hour,Not Remote
18, Mississippi,Jackson,11,Personal Service Managers,Business Lines Territory Manager,Liberty Mutual Insurance,3.6,"Jackson, MS","$75,000 a year",Not Remote
19, Mississippi,Jackson,11,Personal Service Managers,Health Information Specialist II,CIOX Health,2.8,"Jackson, MS",Unknown,Not Remote
20, Mississippi,Jackson,11,Personal Service Managers,ROI Medical Records Specialist,MRO Corporation,2.6,"Jackson, MS",Unknown,Not Remote
21, Mississippi,Jackson,11,Personal Service Managers,Customer Service Associate,WALGREENS,3.6,"Brandon, MS",Unknown,Not Remote
22, Mississippi,Jackson,11,Personal Service Managers,Sales Associate,The MCM Enterprise Inc dba The Ups Store,,"Jackson, MS",$9.00 - $9.50 an hour,Not Remote
23, Mississippi,Jackson,11,Personal Service Managers,Relationship Manager Associate,Trustmark National Bank,3.8,"Jackson, MS",Unknown,Not Remote
24, Mississippi,Jackson,11,Personal Service Managers,Personal Lines Producer and Account Manager,Covered by Sage,,"Jackson, MS","$45,000 - $65,000 a year",Remote
25, Mississippi,Jackson,11,Personal Service Managers,Field Service Technician-FLW,Puckett Machinery Company,3.7,"Flowood, MS",From $20 an hour,Not Remote
26, Mississippi,Jackson,11,Personal Service Managers,Freedom Homes Sales Professional,Clayton Homes,3.5,"Pearl, MS","$40,000 a year",Not Remote
27, Mississippi,Jackson,11,Personal Service Managers,Customer Service Associate - Temporary,WALGREENS,3.6,"Clinton, MS",Unknown,Not Remote
28, Mississippi,Jackson,11,Personal Service Managers,Experienced Service Manager,Wilson Kia,,"Ridgeland, MS",Unknown,Not Remote
29, Mississippi,Jackson,11,Personal Service Managers,Part-Time Sales (Renaissance Mall),Buckle,3.7,"Ridgeland, MS",Unknown,Not Remote
30, Mississippi,Jackson,11,Personal Service Managers,Merchandiser (very part-time),SSS,3.8,"Jackson, MS",$13.50 an hour,Not Remote
31, Mississippi,Jackson,11,Personal Service Managers,Large Format Salesmen,Western Wyoming Beverages,3.3,"Jackson, MS",Unknown,Not Remote
32, Mississippi,Jackson,11,Personal Service Managers,Store Support (Northpark),Buckle,3.7,"Ridgeland, MS",Unknown,Not Remote
33, Mississippi,Jackson,11,Personal Service Managers,"Area Sales Manager - Hattiesburg, MS",Capital One - US,3.9,"Jackson, MS",Unknown,Remote
34, Mississippi,Jackson,11,Personal Service Managers,Sales Associate,The MCM Enterprise Inc dba The UPS Store,,"Jackson, MS",$8.75 - $9.50 an hour,Not Remote
35, Mississippi,Jackson,11,Personal Service Managers,Field Service Technician-Electric Power Generation,Puckett Machinery Company,3.7,"Flowood, MS",From $24 an hour,Not Remote
36, Mississippi,Jackson,11,Personal Service Managers,Provider Support Agent: Tier II,Doctor On Demand,2.6,"Jackson, MS",Unknown,Remote
37, Mississippi,Jackson,11,Personal Service Managers,Patient Advocacy Specialist,St. Dominic Hospital,4.0,"Jackson, MS",Unknown,Not Remote
38, Mississippi,Jackson,11,Personal Service Managers,Part Time Leasing Professional - The Gables,"Carter Funds, LLC",,"Ridgeland, MS",Unknown,Not Remote
39, Mississippi,Jackson,11,Personal Service Managers,Marketing Specialist,Hope Enterprise Corporation,3.8,"Jackson, MS",Unknown,Not Remote
40, Mississippi,Jackson,11,Personal Service Managers,Community Manager -Job # 479,"Carter Funds, LLC",,"Byram, MS",Unknown,Not Remote
41, Mississippi,Jackson,11,Personal Service Managers,Community Support Specialist,HBHS9,,"Jackson, MS",From $11 an hour,Not Remote
42, Mississippi,Jackson,11,Personal Service Managers,Operations Supervisor,Republic Services,3.1,"Flowood, MS",Unknown,Not Remote
43, Mississippi,Jackson,11,Personal Service Managers,Warehouse - Customer Service Specialist,Hajoca Corporation,3.6,"Pearl, MS",Unknown,Not Remote
44, Mississippi,Jackson,11,Personal Service Managers,Mgr,The University of Mississippi Medical Center,3.9,"Jackson, MS",Unknown,Not Remote
45, Mississippi,Jackson,11,Personal Service Managers,Sales Representative,Boost Mobile,3.6,"Jackson, MS",$7.50 - $10.00 an hour,Not Remote
46, Mississippi,Jackson,11,Personal Service Managers,Sales Coordinator-Inside Sales Support,US Foods,3.4,"Flowood, MS",Unknown,Not Remote
47, Mississippi,Jackson,11,Personal Service Managers,Pro Shop Coordinator,Club at TCP LLC,,"Ridgeland, MS",Unknown,Not Remote
48, Mississippi,Jackson,11,Personal Service Managers,Parts Manager Trainee,"Empire Truck Sales, LLC",3.3,"Jackson, MS",Unknown,Not Remote
49, Mississippi,Jackson,11,Personal Service Managers,Director Plant Operations,Mississippi Baptist Medical Center,4.1,"Jackson, MS",From $26.47 an hour,Not Remote
50, Mississippi,Jackson,11,Personal Service Managers,Freight Coordinator (Renaissance Mall),Buckle,3.7,"Ridgeland, MS",Unknown,Not Remote
51, Mississippi,Jackson,11,Personal Service Managers,"Alterations, Seamstress Manager",David's Bridal,3.6,"Madison, MS",Unknown,Not Remote
52, Mississippi,Jackson,11,Personal Service Managers,Recruiter - Canopy Children's Solutions,Mississippi Children's Home Services,3.1,"Jackson, MS",Unknown,Not Remote
53, Mississippi,Jackson,11,Personal Service Managers,Seamstress/Tailor (Renaissance Mall),Buckle,3.7,"Ridgeland, MS",Unknown,Not Remote
54, Mississippi,Jackson,11,Personal Service Managers,Service Manager - Speedco,Love's Travel Stops & Country Stores,,"Flowood, MS",Unknown,Not Remote
0, Mississippi,Jackson,13,Financial Specialists,SVP of Marketing and Communications,Hope Enterprise Corporation,3.8,"Jackson, MS",Unknown,Not Remote
1, Mississippi,Jackson,13,Financial Specialists,Instructional Designer,UMass Donahue Institute,,United States,"$48,700 - $73,100 a year",Remote
2, Mississippi,Jackson,13,Financial Specialists,Paralegal Specialist,US Department of Justice,4.1,"Jackson, MS","$53,433 - $84,049 a year",Not Remote
3, Mississippi,Jackson,13,Financial Specialists,Collections Specialist,Parallon,3.2,"Jackson, MS",Unknown,Remote
4, Mississippi,Jackson,13,Financial Specialists,Financial Relationship Specialist,Regions,3.5,"Jackson, MS",Unknown,Not Remote
5, Mississippi,Jackson,13,Financial Specialists,Financial Relationship Specialist,Regions,3.5,"Jackson, MS",Unknown,Not Remote
6, Mississippi,Jackson,13,Financial Specialists,Financial Relationship Specialist,Regions,3.5,"Jackson, MS",Unknown,Not Remote
7, Mississippi,Jackson,13,Financial Specialists,Financial Relationship Specialist,Regions,3.5,"Ridgeland, MS",Unknown,Not Remote
8, Mississippi,Jackson,13,Financial Specialists,Financial Relationship Specialist,Regions,3.5,"Jackson, MS",Unknown,Not Remote
9, Mississippi,Jackson,13,Financial Specialists,Financial Relationship Consultant,Regions,3.5,"Jackson, MS",Unknown,Not Remote
10, Mississippi,Jackson,13,Financial Specialists,Financial Relationship Consultant,Regions,3.5,"Jackson, MS",Unknown,Not Remote
11, Mississippi,Jackson,13,Financial Specialists,Personal Banker,BancorpSouth,3.8,"Jackson, MS",Unknown,Not Remote
12, Mississippi,Jackson,13,Financial Specialists,Human Resources Specialist (Recruitment and Staffing),US Department of Veterans Affairs,3.8,"Jackson, MS","$53,433 - $84,049 a year",Not Remote
13, Mississippi,Jackson,13,Financial Specialists,Financial Relationship Consultant,Regions,3.5,"Jackson, MS",Unknown,Not Remote
14, Mississippi,Jackson,13,Financial Specialists,Resource Management Specialist,US Department of Agriculture,4.1,"Ridgeland, MS","$53,433 - $69,462 a year",Remote
15, Mississippi,Jackson,13,Financial Specialists,Financial Control Specialist,Trustmark National Bank,3.8,"Jackson, MS",Unknown,Not Remote
16, Mississippi,Jackson,13,Financial Specialists,Financial Relationship Consultant,Regions,3.5,"Ridgeland, MS",Unknown,Not Remote
17, Mississippi,Jackson,13,Financial Specialists,Financial Relationship Consultant,Regions,3.5,"Clinton, MS",Unknown,Not Remote
18, Mississippi,Jackson,13,Financial Specialists,Marketing Specialist,Hope Enterprise Corporation,3.8,"Jackson, MS",Unknown,Not Remote
19, Mississippi,Jackson,13,Financial Specialists,SVP of Marketing and Communications,Hope Enterprise Corporation,3.8,"Jackson, MS",Unknown,Not Remote
20, Mississippi,Jackson,13,Financial Specialists,Consumer Loan Sales Specialist,OneMain Financial,3.3,"Jackson, MS",Unknown,Not Remote
21, Mississippi,Jackson,13,Financial Specialists,"Relationship Banker (Market Expansion) Colony Park - Ridgeland, MS","JPMorgan Chase Bank, N.A.",3.9,"Jackson, MS",Unknown,Not Remote
22, Mississippi,Jackson,13,Financial Specialists,Payroll Specialist,Acuity Group of Mississippi,,"Ridgeland, MS","$30,000 - $35,000 a year",Temporarily remote
23, Mississippi,Jackson,13,Financial Specialists,Credit Administration Specialist I,BankPlus,3.6,"Ridgeland, MS",Unknown,Not Remote
24, Mississippi,Jackson,13,Financial Specialists,Financial Relationship Specialist,Regions,3.5,"Ridgeland, MS",Unknown,Not Remote
25, Mississippi,Jackson,13,Financial Specialists,Senior C/UNIX Programmer Analyst,Gainwell Technologies,2.8,"Jackson, MS",Unknown,Not Remote
26, Mississippi,Jackson,13,Financial Specialists,Senior Statistical Programmer (Ref: PY),PHASTAR,,"Jackson, MS",Unknown,Not Remote
27, Mississippi,Jackson,13,Financial Specialists,C/UNIX Programmer Analyst,Gainwell Technologies,2.8,"Jackson, MS",Unknown,Not Remote
28, Mississippi,Jackson,13,Financial Specialists,OSA-Field Auditor Specialist I,State of Mississippi,3.2,"Jackson, MS",Unknown,Not Remote
29, Mississippi,Jackson,13,Financial Specialists,"Relationship Banker (Market Expansion) Colony Park - Ridgeland, MS","JPMorgan Chase Bank, N.A.",3.9,"Jackson, MS",Unknown,Not Remote
0, Mississippi,Jackson,23,Title Examiner,Remote- Title Insurance Examiner,JobTracks,4.4,United States,"$55,000 - $90,000 a year",Remote
1, Mississippi,Jackson,23,Title Examiner,Asset Review Examiner I,Trustmark National Bank,3.8,"Jackson, MS",Unknown,Not Remote
0, Mississippi,Jackson,25,Teaching Assistants,Para Educator,"Crotched Mountain Foundation, Inc.",,United States,$14.50 - $15.50 an hour,Not Remote
1, Mississippi,Jackson,25,Teaching Assistants,Speech and Debate Teacher and Assistant Coach,St. Andrew's Episcopal School,4.2,"Ridgeland, MS",Unknown,Not Remote
0, Mississippi,Jackson,27,Media and Communication Workers,Roadway Worker in Charge - NS - Mississippi (17175),RailPros,4.0,"Jackson, MS",Unknown,Not Remote
1, Mississippi,Jackson,27,Media and Communication Workers,Roadway Worker in Charge - NS - Mississippi (17175),RailPros,4.0,"Jackson, MS",Unknown,Not Remote
0, Mississippi,Jackson,29,Health Technologists,UX/UI Designer in leading Work Design consulting firm,"Zenda, LLC",,United States,Unknown,Temporarily remote
1, Mississippi,Jackson,29,Health Technologists,"Medical Technologist Travel Position near Jackson, MS",Soliant,4.0,"Jackson, MS",Unknown,Not Remote
2, Mississippi,Jackson,29,Health Technologists,Coordinator-Shift,Baptist Memorial Health Care Corporation,3.6,"Jackson, MS",Unknown,Not Remote
3, Mississippi,Jackson,29,Health Technologists,Coordinator-Shift,Baptist Memorial Health Care Corporation,3.6,"Jackson, MS",Unknown,Not Remote
4, Mississippi,Jackson,29,Health Technologists,Technologist-Medical,Baptist Memorial Health Care Corporation,3.6,"Jackson, MS",Unknown,Not Remote
5, Mississippi,Jackson,29,Health Technologists,Technologist- Radiology Assistant II,Baptist Memorial Health Care Corporation,3.6,"Jackson, MS",Unknown,Not Remote
6, Mississippi,Jackson,29,Health Technologists,Rad Techno II-Radiology-FT,Merit Health Central,3.3,"Jackson, MS",Unknown,Not Remote
7, Mississippi,Jackson,29,Health Technologists,Strategic Account Executive,Thermo Fisher Scientific,3.5,"Jackson, MS",Unknown,Not Remote
8, Mississippi,Jackson,29,Health Technologists,Reg Medical Technologist - Bacteriology,The University of Mississippi Medical Center,3.9,"Jackson, MS",Unknown,Not Remote
9, Mississippi,Jackson,29,Health Technologists,Medical Laboratory Technician,Rankin Children's Group,,"Brandon, MS",$14 - $15 an hour,Not Remote
10, Mississippi,Jackson,29,Health Technologists,Technologist-Medical Senior,Baptist Memorial Health Care Corporation,3.6,"Jackson, MS",Unknown,Not Remote
11, Mississippi,Jackson,29,Health Technologists,Coordinator-Shift,Baptist Memorial Health Care Corporation,3.6,"Jackson, MS",Unknown,Not Remote
12, Mississippi,Jackson,29,Health Technologists,Radiologic Technologist - Adult Diagnostics,The University of Mississippi Medical Center,3.9,"Jackson, MS",Unknown,Not Remote
13, Mississippi,Jackson,29,Health Technologists,Reg MRI Technologist,The University of Mississippi Medical Center,3.9,"Jackson, MS",Unknown,Not Remote
14, Mississippi,Jackson,29,Health Technologists,Technologist-Medical,Baptist Memorial Health Care Corporation,3.6,"Jackson, MS",Unknown,Not Remote
15, Mississippi,Jackson,29,Health Technologists,Technologist-Medical,Baptist Memorial Health Care Corporation,3.6,"Jackson, MS",Unknown,Not Remote
16, Mississippi,Jackson,29,Health Technologists,Technologist-Medical,Baptist Memorial Health Care Corporation,3.6,"Jackson, MS",Unknown,Not Remote
17, Mississippi,Jackson,29,Health Technologists,Technologist- Radiology Assistant II,Baptist Memorial Health Care Corporation,3.6,"Jackson, MS",Unknown,Not Remote
18, Mississippi,Jackson,29,Health Technologists,Technologist-Radiology Assistant II,Baptist Memorial Health Care Corporation,3.6,"Jackson, MS",Unknown,Not Remote
19, Mississippi,Jackson,29,Health Technologists,Technologist-Radiology Assistant II,Baptist Memorial Health Care Corporation,3.6,"Jackson, MS",Unknown,Not Remote
20, Mississippi,Jackson,29,Health Technologists,Radiologic Technologist - Pediatrics,The University of Mississippi Medical Center,3.9,"Jackson, MS",Unknown,Not Remote
21, Mississippi,Jackson,29,Health Technologists,Technologist-Medical Senior,Baptist Memorial Health Care Corporation,3.6,"Jackson, MS",Unknown,Not Remote
22, Mississippi,Jackson,29,Health Technologists,Reg Medical Technologist - Batson Lab,The University of Mississippi Medical Center,3.9,"Jackson, MS",Unknown,Not Remote
0, Mississippi,Jackson,29,Healthcare Practitioners ,Pharmacy Technician,Kroger Stores,,"Jackson, MS",Unknown,Not Remote
1, Mississippi,Jackson,29,Healthcare Practitioners ,RESPIRATORY THERAPIST Job Location - Missouri - Rolla,Hospital Confidential,,United States,"$47,000 - $63,000 a year",Not Remote
2, Mississippi,Jackson,29,Healthcare Practitioners ,"Specialist, Provider Inquiry R&R",Molina Healthcare,3.3,"Jackson, MS",Unknown,Not Remote
3, Mississippi,Jackson,29,Healthcare Practitioners ,Pharmacy Technician,Kroger Stores,,"Jackson, MS",Unknown,Not Remote
4, Mississippi,Jackson,29,Healthcare Practitioners ,Nurse - Podiatry,US Department of Veterans Affairs,3.8,"Jackson, MS","$52,538 - $125,776 a year",Not Remote
5, Mississippi,Jackson,29,Healthcare Practitioners ,Nurse Administrator,Mississippi State Personnel Board,3.2,"Hinds County, MS","$62,012 a year",Not Remote
6, Mississippi,Jackson,29,Healthcare Practitioners ,Pharmacist,Acadia Healthcare Comprehensive Treatment Centers,2.4,"Jackson, MS",Unknown,Not Remote
7, Mississippi,Jackson,29,Healthcare Practitioners ,Manager of Infection Prevention,St. Dominic Hospital,4.0,"Jackson, MS",Unknown,Not Remote
0, Mississippi,Jackson,29,Therapists,"Respiratory Therapist (RT) $10,000 Sign-On Bonus Virtual Hiring Event","Select Specialty Hospital - Jackson, MS",,"Jackson, MS",Unknown,Not Remote
1, Mississippi,Jackson,29,Therapists,Respiratory Therapist PRN - Mississippi,Diagnostic Medical Testing,4.0,"Flowood, MS",$50 an hour,Not Remote
2, Mississippi,Jackson,29,Therapists,Respiratory Therapist - RT – Long Term Acute Care Hospital,"CareerStaff Unlimited - Jackson, MS",3.8,"Jackson, MS","$2,340 - $2,520 a week",Not Remote
3, Mississippi,Jackson,29,Therapists,Counselor,Dismas Charities,3.3,"Jackson, MS",Unknown,Not Remote
4, Mississippi,Jackson,29,Therapists,Counselor,Catholic Charities,3.8,"Jackson, MS",$21 - $24 an hour,Not Remote
5, Mississippi,Jackson,29,Therapists,Addiction Counselor (Internship- nonpaid),"Improving Quality of Life, Inc. (IQOL)",,"Jackson, MS",Unknown,Not Remote
6, Mississippi,Jackson,29,Therapists,Behavioral Health Specialist III,Mississippi State Personnel Board,3.2,"Hinds County, MS","$41,341 a year",Not Remote
7, Mississippi,Jackson,29,Therapists,Social Worker,TAMAR Group LLC,,"Jackson, MS","$25,000 - $32,000 a year",Not Remote
8, Mississippi,Jackson,29,Therapists,MH-Recreation Therapist I,Mississippi State Personnel Board,3.2,"Hinds County, MS","$25,697 a year",Not Remote
9, Mississippi,Jackson,29,Therapists,THERAPIST,Brentwood Behavioral Healthcare,3.3,"Flowood, MS",Unknown,Not Remote
10, Mississippi,Jackson,29,Therapists,Respiratory Therapist-Respiratory-FT-7a to 7p Shift,Merit Health Women's Hospital,,"Flowood, MS",Unknown,Not Remote
11, Mississippi,Jackson,29,Therapists,Clinical Manager,KePRO,2.9,"Jackson, MS",Unknown,Not Remote
12, Mississippi,Jackson,29,Therapists,Respiratory Therapist PRN - Mississippi,Diagnostic Medical Testing,4.0,"Flowood, MS",$50 an hour,Not Remote
13, Mississippi,Jackson,29,Therapists,Physical Therapist,Results Physiotherapy,3.5,"Jackson, MS",Unknown,Not Remote
14, Mississippi,Jackson,29,Therapists,Recreation Therapist,Harbor House Chemical Dependency Services,4.3,"Jackson, MS",Unknown,Not Remote
15, Mississippi,Jackson,29,Therapists,Registered Respiratory Therapist - Adult Hospital,The University of Mississippi Medical Center,3.9,"Jackson, MS",Unknown,Not Remote
16, Mississippi,Jackson,29,Therapists,Chaplain/Bereavement Coordinator,St. Joseph Hospice,3.2,"Clinton, MS",Unknown,Not Remote
17, Mississippi,Jackson,29,Therapists,Jackson PT Physical Therapist,Physicians Quality Care,3.5,"Jackson, MS",Unknown,Not Remote
18, Mississippi,Jackson,29,Therapists,Dental Hygiene Educator - Clinical Affairs,The University of Mississippi Medical Center,3.9,"Jackson, MS",Unknown,Not Remote
19, Mississippi,Jackson,29,Therapists,Registered Resp Therapist Lead-Respiratory Therapy-FT-Day Shift,Merit Health Central,3.3,"Jackson, MS",Unknown,Not Remote
20, Mississippi,Jackson,29,Therapists,Therapist Counselor,Calmerry,5.0,"Jackson, MS",$40 - $60 an hour,Remote
21, Mississippi,Jackson,29,Therapists,Mental Health Therapist,HBHS9,,"Jackson, MS",From $17 an hour,Not Remote
22, Mississippi,Jackson,29,Therapists,Substance Abuse Specialist,HBHS9,,"Jackson, MS",From $16 an hour,Not Remote
23, Mississippi,Jackson,29,Therapists,"Occupational Therapist--TC57OT--Jackson, MS","Manhattan Nursing and Rehabilitation Center, LLC",,"Jackson, MS",Unknown,Not Remote
24, Mississippi,Jackson,29,Therapists,PRN Speech Therapist,Methodist Rehabilitation Center,4.0,"Jackson, MS",Unknown,Not Remote
25, Mississippi,Jackson,29,Therapists,Remote Mental Health Counselor,Thriveworks,3.9,"Jackson, MS","Up to $120,000 a year",Remote
26, Mississippi,Jackson,29,Therapists,"Director of Rehabilitation--SLP or PT--Jackson, MS","Lakeland Nursing and Rehabilitation Center, LLC",2.2,"Jackson, MS",Unknown,Not Remote
27, Mississippi,Jackson,29,Therapists,Respiratory Therapist (RT),Select Specialty Hospital - Belhaven,,"Jackson, MS",Unknown,Not Remote
28, Mississippi,Jackson,29,Therapists,Respiratory Therapist (RT) /PRN,Select Specialty Hospital - Jackson,3.2,"Jackson, MS",Unknown,Not Remote
29, Mississippi,Jackson,29,Therapists,Behavioral Health Specialist III,Mississippi State Personnel Board,3.2,"Hinds County, MS","$41,341 a year",Not Remote
30, Mississippi,Jackson,29,Therapists,Behavioral Health Specialist III,Mississippi State Personnel Board,3.2,"Hinds County, MS","$41,341 a year",Not Remote
31, Mississippi,Jackson,29,Therapists,MH-Recreation Therapist I,Mississippi State Personnel Board,3.2,"Hinds County, MS","$25,697 a year",Not Remote
32, Mississippi,Jackson,29,Therapists,Respiratory Therapist (RT) /PRN,Select Specialty Hospital - Belhaven,,"Jackson, MS",Unknown,Not Remote
33, Mississippi,Jackson,29,Therapists,"Insurance Counselor (Jackson, MS)",DaVita,3.4,"Jackson, MS",Unknown,Not Remote
34, Mississippi,Jackson,29,Therapists,Respiratory Therapist - Adult,The University of Mississippi Medical Center,3.9,"Jackson, MS",Unknown,Not Remote
35, Mississippi,Jackson,29,Therapists,Respiratory Therapist-Children's Hospital,The University of Mississippi Medical Center,3.9,"Jackson, MS",Unknown,Not Remote
36, Mississippi,Jackson,29,Therapists,Licensed Independent Clinical Social Worker,Christian Therapist On Demand,,"Jackson, MS","$1,200 - $5,500 a month",Remote
37, Mississippi,Jackson,29,Therapists,PRN Physical Therapist,Methodist Rehabilitation Center,4.0,"Jackson, MS",Unknown,Not Remote
38, Mississippi,Jackson,29,Therapists,Registered Respiratory Therapist - Children's Hospital,The University of Mississippi Medical Center,3.9,"Jackson, MS",Unknown,Not Remote
39, Mississippi,Jackson,29,Therapists,Registered Respiratory Therapist-Relief-Children's Hospital,The University of Mississippi Medical Center,3.9,"Jackson, MS",Unknown,Not Remote
40, Mississippi,Jackson,29,Therapists,Respiratory Therapist-Respiratory-Full Time-7p to 7a Shift,Merit Health Women's Hospital,,"Flowood, MS",Unknown,Not Remote
41, Mississippi,Jackson,29,Therapists,Respiratory Therapist (RT) /PRN,Select Specialty Hospital - Jackson,3.2,"Jackson, MS",Unknown,Not Remote
42, Mississippi,Jackson,29,Therapists,Registered Respiratory Therapist-Relief-Adult Hospital,The University of Mississippi Medical Center,3.9,"Jackson, MS",Unknown,Not Remote
43, Mississippi,Jackson,29,Therapists,Registered Respiratory Therapist-Adult Hospital-PRN,The University of Mississippi Medical Center,3.9,"Jackson, MS",Unknown,Not Remote
44, Mississippi,Jackson,29,Therapists,Respiratory Therapist - RT - Long Term Acute Care Hospital,CareerStaff Unlimited,3.8,"Jackson, MS","$2,340 - $2,520 a week",Not Remote
45, Mississippi,Jackson,29,Therapists,RESPIRATORY THERAPIST Job Location - Missouri - Rolla,Hospital Confidential,,United States,"$47,000 - $63,000 a year",Not Remote
0, Mississippi,Jackson,31,Physical Therapist Assistants ,Physical Therapist Assistant,"PHYSICAL THERAPY CARE, CLOVIS, NM",,United States,$19 - $30 an hour,Not Remote
0, Mississippi,Jackson,33,Private  Investigators,"Private Investigator, Part Time","Meridian Investigative Group, Inc",,"Jackson, MS",Unknown,Not Remote
1, Mississippi,Jackson,33,Private  Investigators,Surveillance Investigator (Part Time) Experienced,Frasco Inc,3.5,"Jackson, MS",Unknown,Not Remote
0, Mississippi,Jackson,33,Miscellaneous Protective Service Workers,Project Manager,"Top Gun Staffing, Inc.",,United States,"$98,000 - $100,000 a year",Not Remote
0, Mississippi,Jackson,35,Private Chef,CHEF MANAGER,Compass Group USA,3.3,"Ridgeland, MS",Unknown,Not Remote
1, Mississippi,Jackson,35,Private Chef,CHEF MANAGER,Compass Group USA,3.3,"Ridgeland, MS",Unknown,Not Remote
2, Mississippi,Jackson,35,Private Chef,CHEF MANAGER,Compass Group,3.3,"Ridgeland, MS",Unknown,Not Remote
0, Mississippi,Jackson,35,Waitresses,Server - Jackson Chili's,Chilis,3.7,"Jackson, MS",Unknown,Not Remote
1, Mississippi,Jackson,35,Waitresses,Front of House Team Member (Server/Cashier),Newk's Eatery - Newco Dining,3.6,"Jackson, MS",Unknown,Not Remote
2, Mississippi,Jackson,35,Waitresses,Zea Rotisserie and Bar - Now Hiring Line Cook/Server,Zea Rotisserie & Bar,,"Ridgeland, MS",Unknown,Not Remote
3, Mississippi,Jackson,35,Waitresses,Server and Bartender,Red Lobster,3.7,"Jackson, MS",Unknown,Not Remote
4, Mississippi,Jackson,35,Waitresses,Restaurant Server,Nick Wallace Culinary,,"Jackson, MS",$15 - $16 an hour,Not Remote
5, Mississippi,Jackson,35,Waitresses,Server / Non-Cashier,Petro Stopping Centers | TA Operating LLC,3.2,"Jackson, MS",Unknown,Not Remote
6, Mississippi,Jackson,35,Waitresses,Server/Waitstaff,THE COUNTRY KITCHEN,3.2,"Clinton, MS",Unknown,Not Remote
7, Mississippi,Jackson,35,Waitresses,Food Server,Waffle House,3.6,"Jackson, MS",From $7.25 an hour,Not Remote
8, Mississippi,Jackson,35,Waitresses,IHOP server,IHOP,3.5,"Jackson, MS",Unknown,Not Remote
9, Mississippi,Jackson,35,Waitresses,Wait Staff,The Waterford on Highland Colony,,"Ridgeland, MS",Unknown,Not Remote
10, Mississippi,Jackson,35,Waitresses,Server,Juicy Seafood,2.5,"Flowood, MS",Unknown,Not Remote
11, Mississippi,Jackson,35,Waitresses,Jackson State University Catering Service Worker,Sodexo,3.7,"Jackson, MS",Unknown,Not Remote
12, Mississippi,Jackson,35,Waitresses,Wait Staff,The Waterford on Highland Colony,,"Ridgeland, MS",Unknown,Not Remote
13, Mississippi,Jackson,35,Waitresses,Food Server,Grant's Kitchen & Grill,,"Flowood, MS",$9.50 - $11.50 an hour,Not Remote
14, Mississippi,Jackson,35,Waitresses,"Bartender, Server, Kitchen",The Bulldog Jackson,,"Jackson, MS",Up to $10 an hour,Not Remote
15, Mississippi,Jackson,35,Waitresses,Food Server,E.A.T.S. Diner,,"Ridgeland, MS",$8 - $12 an hour,Not Remote
16, Mississippi,Jackson,35,Waitresses,Jackson State University Pizza Hut Food Service Worker,Sodexo,3.7,"Jackson, MS",Unknown,Not Remote
17, Mississippi,Jackson,35,Waitresses,Server,Juicy Seafood,2.5,"Pearl, MS",Unknown,Not Remote
18, Mississippi,Jackson,35,Waitresses,Server,4 Tops Hospitality,,"Ridgeland, MS","$800 - $1,000 a month",Not Remote
19, Mississippi,Jackson,35,Waitresses,AM & PM SERVERS,I-Hop,,"Jackson, MS",Unknown,Not Remote
20, Mississippi,Jackson,35,Waitresses,Server,Applebee's Grill + Bar | QRC LLC,3.5,"Pearl, MS",Unknown,Not Remote
21, Mississippi,Jackson,35,Waitresses,Front of House Team Member (Server/Cashier),Newk's Eatery - Newco Dining,3.6,"Jackson, MS",Unknown,Not Remote
22, Mississippi,Jackson,35,Waitresses,Banquet Server Part-Time,Spire Hospitality,3.6,"Jackson, MS",Unknown,Not Remote
23, Mississippi,Jackson,35,Waitresses,Production,Pizza Hut,3.5,"Jackson, MS",Unknown,Not Remote
24, Mississippi,Jackson,35,Waitresses,Server,Applebee's Grill + Bar | QRC LLC,3.5,"Flowood, MS",Unknown,Not Remote
25, Mississippi,Jackson,35,Waitresses,"Server, Host, To-Go Specialist",Chili's Grill & Bar,3.7,"Jackson, MS",Unknown,Not Remote
26, Mississippi,Jackson,35,Waitresses,Server,Applebee's Grill + Bar | QRC LLC,3.5,"Clinton, MS",Unknown,Not Remote
27, Mississippi,Jackson,35,Waitresses,Restaurant Breakfast and Lunch Server,Spire Hospitality,3.6,"Jackson, MS",Unknown,Not Remote
28, Mississippi,Jackson,35,Waitresses,Server,Sal and Phil's Seafood Restaurant and Lounge,,"Ridgeland, MS",Unknown,Not Remote
29, Mississippi,Jackson,35,Waitresses,Server,Biaggi's Ristorante Italiano,4.0,"Ridgeland, MS",Unknown,Not Remote
30, Mississippi,Jackson,35,Waitresses,Customer Service,Pizza Hut,3.5,"Jackson, MS",Unknown,Not Remote
31, Mississippi,Jackson,35,Waitresses,IHOP server,IHOP,3.5,"Flowood, MS",Unknown,Not Remote
32, Mississippi,Jackson,35,Waitresses,Food and Beverage Server,Blake Management Group,2.7,"Flowood, MS",$9 an hour,Not Remote
33, Mississippi,Jackson,35,Waitresses,Server,Chilis,3.7,"Jackson, MS",Unknown,Not Remote
34, Mississippi,Jackson,35,Waitresses,Front of House Team Member (Server/Cashier),Newk's Eatery - Newco Dining,3.6,"Ridgeland, MS",Unknown,Not Remote
35, Mississippi,Jackson,35,Waitresses,FULL & PART TIME FOOD SERVER OPENINGS,Blake Management Group,2.7,"Ridgeland, MS",Unknown,Not Remote
36, Mississippi,Jackson,35,Waitresses,Room Service Server,Sheraton Flowood,3.1,"Flowood, MS",Unknown,Not Remote
37, Mississippi,Jackson,35,Waitresses,Front of House Team Member (Server/Cashier),Newk's Eatery - Newco Dining,3.6,"Flowood, MS",Unknown,Not Remote
38, Mississippi,Jackson,35,Waitresses,Jackson Staten University Catering Service Worker,Sodexo,3.7,"Jackson, MS",Unknown,Not Remote
39, Mississippi,Jackson,35,Waitresses,Restaurant Server Virtual Hiring Event,Great Wolf Lodge,3.5,United States,Unknown,Not Remote
40, Mississippi,Jackson,35,Waitresses,"Server, Host, To-Go Specialist",Chili's Grill & Bar,3.7,"Jackson, MS",Unknown,Not Remote
0, Mississippi,Jackson,35,Food Preparation,Certified Dietary Manager-Belhaven Senior Care,BELHAVEN SENIOR CARE,,"Jackson, MS",$20 - $25 an hour,Not Remote
1, Mississippi,Jackson,35,Food Preparation,Cook and Dishwasher,Chili's Grill & Bar,3.7,"Jackson, MS",Unknown,Not Remote
2, Mississippi,Jackson,35,Food Preparation,Cook II,Sodexo,3.7,"Jackson, MS",Unknown,Not Remote
3, Mississippi,Jackson,35,Food Preparation,Wendy's Crew Member/Cashier-1214,Wendy's | Wendelta,3.5,"Clinton, MS",Unknown,Not Remote
4, Mississippi,Jackson,35,Food Preparation,Food Service Worker - Part Time,US Department of Veterans Affairs,3.8,"Jackson, MS",$12.04 - $14.06 an hour,Not Remote
5, Mississippi,Jackson,35,Food Preparation,Team Member,Backyard Burger | Backyard Burgers,,"Jackson, MS",Up to $10 an hour,Not Remote
6, Mississippi,Jackson,35,Food Preparation,Team Member,Backyard Burger | Backyard Burgers,,"Flowood, MS",Up to $10 an hour,Not Remote
7, Mississippi,Jackson,35,Food Preparation,Subway Sandwich Artist®,Subway,3.6,"Flowood, MS",Unknown,Not Remote
8, Mississippi,Jackson,35,Food Preparation,Food Service Worker II,Mississippi State Personnel Board,3.2,"Hinds County, MS","$16,365 a year",Not Remote
9, Mississippi,Jackson,35,Food Preparation,EM-Emergency Mgmt Specialist I,Mississippi State Personnel Board,3.2,"Rankin County, MS","$37,262 a year",Not Remote
10, Mississippi,Jackson,35,Food Preparation,FOOD SERVICE WORKER/CASHIER (FULL AND PART-TIME),Compass Group,3.3,"Jackson, MS",Unknown,Not Remote
11, Mississippi,Jackson,35,Food Preparation,Team Member,Backyard Burger | Backyard Burgers,,"Jackson, MS",Up to $10 an hour,Not Remote
12, Mississippi,Jackson,35,Food Preparation,Team Member,Backyard Burger | Backyard Burgers,,"Byram, MS",Up to $10 an hour,Not Remote
13, Mississippi,Jackson,35,Food Preparation,Food Services Worker I-Nutrition Services-FT-Day Shift,Merit Health River Oaks,3.0,"Flowood, MS",Unknown,Not Remote
14, Mississippi,Jackson,35,Food Preparation,Supervisor-Food and Nutrition Services-FT-Day Shift,Merit Health River Oaks,3.0,"Flowood, MS",Unknown,Not Remote
15, Mississippi,Jackson,35,Food Preparation,Jackson State University Heritage Dining Hall Food Service Worker,Sodexo,3.7,"Jackson, MS",Unknown,Not Remote
16, Mississippi,Jackson,35,Food Preparation,Team Member- Church's,Church's Chicken,3.5,"Jackson, MS",Unknown,Not Remote
17, Mississippi,Jackson,35,Food Preparation,Ihop cook,IHOP,3.5,"Jackson, MS",$10 - $16 an hour,Not Remote
18, Mississippi,Jackson,35,Food Preparation,Jackson State University Catering Service Worker,Sodexo,3.7,"Jackson, MS",Unknown,Not Remote
19, Mississippi,Jackson,35,Food Preparation,Team Member,Firehouse Subs,3.5,"Flowood, MS",Unknown,Not Remote
20, Mississippi,Jackson,35,Food Preparation,Cook and Dishwasher,Chili's Grill & Bar,3.7,"Jackson, MS",Unknown,Not Remote
21, Mississippi,Jackson,35,Food Preparation,Wendy's Crew Member/Cashier-1214,Wendy's | Wendelta,3.5,"Clinton, MS",Unknown,Not Remote
22, Mississippi,Jackson,35,Food Preparation,Food & Beverage Director,Sheraton Flowood,3.1,"Flowood, MS",Unknown,Not Remote
23, Mississippi,Jackson,35,Food Preparation,Subway Manager,Subway,3.6,"Flowood, MS",Unknown,Not Remote
24, Mississippi,Jackson,35,Food Preparation,Food Service Worker/Kitchen Helper/Dietary Aide,"Healthcare Services Group, Inc.",2.6,"Jackson, MS",Unknown,Not Remote
25, Mississippi,Jackson,35,Food Preparation,Food Service Worker - Full Time,US Department of Veterans Affairs,3.8,"Jackson, MS",$12.04 - $14.06 an hour,Not Remote
26, Mississippi,Jackson,35,Food Preparation,Kitchen Steward / Dish Washer,Mobilize,,"Jackson, MS",Unknown,Not Remote
27, Mississippi,Jackson,35,Food Preparation,Full Time Sales Associate,"Great American Cookies | The Cookie Place, Inc.",3.6,"Ridgeland, MS",Unknown,Not Remote
28, Mississippi,Jackson,35,Food Preparation,Shift Leader,Backyard Burger | Backyard Burgers,,"Jackson, MS",Up to $13 an hour,Not Remote
29, Mississippi,Jackson,35,Food Preparation,Jackson State University Student Center Cook I,Sodexo,3.7,"Jackson, MS",Unknown,Not Remote
30, Mississippi,Jackson,35,Food Preparation,Sales Representative,Merchants Foodservice,2.8,"Jackson, MS",Unknown,Not Remote
31, Mississippi,Jackson,35,Food Preparation,Food Service Worker/Kitchen Helper/Dietary Aide,"Healthcare Services Group, Inc.",2.6,"Clinton, MS",Unknown,Not Remote
32, Mississippi,Jackson,35,Food Preparation,Cook-Nutrition Services-FT-Day Shift,Merit Health River Oaks,3.0,"Flowood, MS",Unknown,Not Remote
33, Mississippi,Jackson,35,Food Preparation,Line Cook,THE COUNTRY KITCHEN,3.2,"Clinton, MS",Unknown,Not Remote
34, Mississippi,Jackson,35,Food Preparation,Dietary Aide - PM,"Manhattan Nursing and Rehabilitation Center, LLC",,"Jackson, MS",Unknown,Not Remote
35, Mississippi,Jackson,35,Food Preparation,Banquet Server Part-Time,Spire Hospitality,3.6,"Jackson, MS",Unknown,Not Remote
36, Mississippi,Jackson,35,Food Preparation,Wendy's Crew Member/Cashier,Wendy's | Wendelta,3.5,"Flowood, MS",Unknown,Not Remote
37, Mississippi,Jackson,35,Food Preparation,FOH Busser / Runner,Primos Cafe Flowood,,"Flowood, MS",Unknown,Not Remote
38, Mississippi,Jackson,35,Food Preparation,Shift Leader,Backyard Burger | Backyard Burgers,,"Flowood, MS",Up to $13 an hour,Not Remote
39, Mississippi,Jackson,35,Food Preparation,"Operating Partner - 1724 Old Fannin Rd, Flowood, MS (Area 2530: Unit 1113)",Whataburger,3.8,"Flowood, MS",Unknown,Not Remote
40, Mississippi,Jackson,35,Food Preparation,Food Service Worker,Sodexo,3.7,"Jackson, MS",Unknown,Not Remote
41, Mississippi,Jackson,35,Food Preparation,Part Time Prep Cook,The Blake at Flowood,,"Flowood, MS",$10 - $12 an hour,Not Remote
42, Mississippi,Jackson,35,Food Preparation,Cook Supervisor 1,Corporate Chefs | Elior North America,,"Pearl, MS",Unknown,Not Remote
43, Mississippi,Jackson,35,Food Preparation,Manager of Revenue Accounting,Elior North America,3.2,"Ridgeland, MS",Unknown,Not Remote
44, Mississippi,Jackson,35,Food Preparation,ASST STORE MGR,Dollar General,3.1,"Jackson, MS",Unknown,Not Remote
45, Mississippi,Jackson,35,Food Preparation,Dishwasher,Fresh Market Cafe | Jackie's International,,"Brandon, MS",Unknown,Not Remote
46, Mississippi,Jackson,35,Food Preparation,ASST STORE MGR,Dollar General,3.1,"Jackson, MS",Unknown,Not Remote
47, Mississippi,Jackson,35,Food Preparation,ihop cook,IHOP,3.5,"Flowood, MS",$10 - $15 an hour,Not Remote
48, Mississippi,Jackson,35,Food Preparation,FOH Cashier,Primos Cafe,3.7,"Ridgeland, MS",Unknown,Not Remote
49, Mississippi,Jackson,35,Food Preparation,Shift Leader,Backyard Burger | Backyard Burgers,,"Jackson, MS",Up to $13 an hour,Not Remote
50, Mississippi,Jackson,35,Food Preparation,Shift Leader,Backyard Burger | Backyard Burgers,,"Byram, MS",Up to $13 an hour,Not Remote
51, Mississippi,Jackson,35,Food Preparation,Jackson State University Student Center Grill Cook,Sodexo,3.7,"Jackson, MS",Unknown,Not Remote
52, Mississippi,Jackson,35,Food Preparation,Night Auditor,Drury Hotels,3.9,"Ridgeland, MS",From $11.64 an hour,Not Remote
53, Mississippi,Jackson,35,Food Preparation,Cook,Fresh Market Cafe | Jackie's International,,"Brandon, MS",Unknown,Not Remote
54, Mississippi,Jackson,35,Food Preparation,Team Member,Firehouse Subs,3.5,"Flowood, MS",Unknown,Not Remote
0, Mississippi,Jackson,39,Hairdressers,Hair Stylist/Associate Hair Stylist Trainee,Watercolor Salon,,"Jackson, MS","$20,000 - $100,000 a year",Not Remote
0, Mississippi,Jackson,39,Group Fitness Instructor,Pilates Instructor -- Six Nashville-area Club Pilates,Club Pilates,3.3,United States,$32 - $52 an hour,Not Remote
0, Mississippi,Jackson,41,Financial Services Sales Agents,Business Lines Territory Manager,Liberty Mutual Insurance,3.6,"Jackson, MS","$75,000 a year",Not Remote
1, Mississippi,Jackson,41,Financial Services Sales Agents,Licensed Medicare Insurance Agent - WFH Full-Time,ASSURANCE Independent Agents,3.2,"Ridgeland, MS",Unknown,Remote
2, Mississippi,Jackson,41,Financial Services Sales Agents,Licensed Life and Health Insurance Agent,The Williams Agency Inc.,,"Jackson, MS","$52,245 - $135,000 a year",Temporarily remote
3, Mississippi,Jackson,41,Financial Services Sales Agents,Fast Track To Leadership-sales Management,New York Life - Franks Team,,"Jackson, MS","$91,000 - $127,000 a year",Not Remote
4, Mississippi,Jackson,41,Financial Services Sales Agents,Insurance and Financial Services Position - State Farm Agent Team Member,John Lucas - State Farm Agent,3.7,"Jackson, MS","$30,000 - $50,000 a year",Not Remote
5, Mississippi,Jackson,41,Financial Services Sales Agents,Business Lines Territory Manager,Liberty Mutual Insurance,3.6,"Jackson, MS","$75,000 a year",Not Remote
6, Mississippi,Jackson,41,Financial Services Sales Agents,Life Insurance Professional Sales Agent,New York Life - Franks Team,,"Jackson, MS","$67,000 - $94,000 a year",Not Remote
7, Mississippi,Jackson,41,Financial Services Sales Agents,Licensed Life and Health Insurance Agent,The Williams Agency Inc.,,"Jackson, MS","$52,245 - $135,000 a year",Temporarily remote
8, Mississippi,Jackson,41,Financial Services Sales Agents,New York Life Health and Life Insurance Agent,Professional Management Solutions,,"Jackson, MS","$60,000 - $80,000 a year",Not Remote
9, Mississippi,Jackson,41,Financial Services Sales Agents,Medicare National Sales Leader,"Ideal Concepts, Inc.",3.7,United States,Unknown,Not Remote
0, Mississippi,Jackson,41,Wholesale Sales Representative,Regional Sales Representative - East Coast,MICHAEL M,,United States,Unknown,Not Remote
1, Mississippi,Jackson,41,Wholesale Sales Representative,HVAC Branch Manager,"R.E. Michel Company, LLC",3.5,"Jackson, MS",Unknown,Not Remote
0, Mississippi,Jackson,53,Flight Engineers,Captain 200 Ton,Alaskan Dream Cruises,3.5,United States,$350 - $420 a day,Not Remote
0, Mississippi,Jackson,53,Transportation,Transportation Security Officer (TSO),Transportation Security Administration,3.2,"Jackson, MS",$16.51 - $23.58 an hour,Not Remote
1, Mississippi,Jackson,53,Transportation,TRANSPORTATION MANAGER,McLane - Grocery,3.3,"Jackson, MS",Unknown,Not Remote
2, Mississippi,Jackson,53,Transportation,CDL Truck Driver - No CDL required - Training available,Werner Enterprises,3.2,"Jackson, MS",$650 a week,Not Remote
3, Mississippi,Jackson,53,Transportation,"Truck Driver - No CDL Experience Needed - Paid OTR Training - $10,000 Team Bonus",Driver Solutions,3.9,"Jackson, MS",Unknown,Not Remote
4, Mississippi,Jackson,53,Transportation,Transportation Insurance Producer- Remote,Covered by Sage,,"Jackson, MS","$80,000 - $150,000 a year",Remote
5, Mississippi,Jackson,53,Transportation,"CDL-A Dedicated Truck Driver: GUARANTEED PAY of $1,000 Per Week!!!",U.S. Xpress,3.0,"Richland, MS",Unknown,Not Remote
6, Mississippi,Jackson,53,Transportation,CDL-A Flatbed Company Truck Driver,PGT Trucking,3.3,"Byram, MS","Up to $75,000 a year ++",Not Remote
7, Mississippi,Jackson,53,Transportation,Transportation Security Officer (TSO),Transportation Security Administration,3.2,"Jackson, MS",$16.51 - $23.58 an hour,Not Remote
8, Mississippi,Jackson,53,Transportation,Transportation Insurance Producer- Remote,Covered by Sage,,"Jackson, MS","$80,000 - $150,000 a year",Remote
9, Mississippi,Jackson,53,Transportation,VALET I FULL TIME,ABM Industries,3.2,"Jackson, MS",$9 an hour,Not Remote
10, Mississippi,Jackson,53,Transportation,Roadway Worker in Charge - NS - Mississippi (17175),RailPros,4.0,"Jackson, MS",Unknown,Not Remote
11, Mississippi,Jackson,53,Transportation,Truck Driver / Home Daily,XPO Logistics,3.2,"Richland, MS",Unknown,Not Remote
12, Mississippi,Jackson,53,Transportation,CDL Driver (Campus Operations),Groome Transportation of Texas LLC,,"Jackson, MS",Unknown,Not Remote
13, Mississippi,Jackson,53,Transportation,Ramp Service Agent,Worldwide Fight Services,,"Jackson, MS",From $10.50 an hour,Not Remote
14, Mississippi,Jackson,53,Transportation,TRUCK DRIVER | 8 MONTHS EXP REQ | HOME DAILY,CDL Partners,,"Jackson, MS","$800 - $1,100 a week",Not Remote
15, Mississippi,Jackson,53,Transportation,CDL B Delivery Driver,Ferguson,3.4,"Richland, MS",Unknown,Not Remote
16, Mississippi,Jackson,53,Transportation,Local CDL A Driver,Stearns and Kimble,5.0,"Richland, MS",From $26.95 an hour,Not Remote
17, Mississippi,Jackson,53,Transportation,Route Driver,Wood Fruitticher,3.1,"Jackson, MS",Unknown,Not Remote
18, Mississippi,Jackson,53,Transportation,Deivery Driver,LKQ,3.1,"Jackson, MS",Unknown,Not Remote
19, Mississippi,Jackson,53,Transportation,Transportation Insurance Producer- Remote,Covered by Sage,,"Jackson, MS","$80,000 - $150,000 a year",Remote
20, Mississippi,Jackson,53,Transportation,Route Service Representative - UniFirst,UniFirst,3.2,"Jackson, MS",Unknown,Not Remote
21, Mississippi,Jackson,53,Transportation,"CDL-A Driver - Dedicated, Home Weekends","Transco Lines, Inc",3.2,"Jackson, MS",Unknown,Not Remote
22, Mississippi,Jackson,53,Transportation,Transportation Insurance Producer- Remote,Covered by Sage,,"Jackson, MS","$80,000 - $150,000 a year",Remote
23, Mississippi,Jackson,53,Transportation,Parts Delivery,O'Reilly Auto Parts,3.4,"Clinton, MS",Unknown,Not Remote
24, Mississippi,Jackson,53,Transportation,FedEx Ground CLASS A CDL Driver,"Custom Delivery Services, Inc,",,"Pearl, MS","$810 - $1,010 a week",Not Remote
25, Mississippi,Jackson,53,Transportation,Truck Driver Class A,Cherokee Brick,3.5,"Jackson, MS",$16 - $18 an hour,Not Remote
26, Mississippi,Jackson,53,Transportation,Class D Driver,"Office Products plus, Inc",,"Jackson, MS",$12 - $13 an hour,Not Remote
27, Mississippi,Jackson,53,Transportation,Parts Delivery,O'Reilly Auto Parts,3.4,"Pearl, MS",Unknown,Not Remote
28, Mississippi,Jackson,53,Transportation,shuttle van driver,HPH Transport,4.3,"Clinton, MS",Unknown,Not Remote
29, Mississippi,Jackson,53,Transportation,"Route Sales Support Driver- Richland, MS",Aramark Uniform & Career Apparel LLC,3.5,"Richland, MS",Unknown,Not Remote
30, Mississippi,Jackson,53,Transportation,Shuttle Driver,Merchants Foodservice,2.8,"Jackson, MS",Unknown,Not Remote
31, Mississippi,Jackson,53,Transportation,Local Driver - Home Nightly,HD Supply,3.4,"Jackson, MS",Unknown,Not Remote
32, Mississippi,Jackson,53,Transportation,Local Driver - Home Nightly,HD Supply,3.4,"Ridgeland, MS",Unknown,Not Remote
33, Mississippi,Jackson,53,Transportation,CDL-A Regional Truck Driver,Epes Transport System Inc,3.5,"Pearl, MS",Unknown,Not Remote
34, Mississippi,Jackson,53,Transportation,Combination City Driver/Dock Worker,YRC Freight,3.2,"Richland, MS",Unknown,Not Remote
35, Mississippi,Jackson,53,Transportation,Class A CDL - Fuel Driver,Dupre Logistics LLC,3.3,"Richland, MS","$65,000 a year ++",Not Remote
36, Mississippi,Jackson,53,Transportation,Front Load Driver,"Waste Pro USA, Inc",2.9,"Jackson, MS",Unknown,Not Remote
37, Mississippi,Jackson,53,Transportation,Tanker Driver,Dependable Tank Line LLC,,"Jackson, MS","$67,600 - $93,600 a year",Not Remote
38, Mississippi,Jackson,53,Transportation,Lease Purchase Operator- Flatbed,"Give2Get, Inc",,"Jackson, MS","$6,000 - $8,000 a week",Not Remote
39, Mississippi,Jackson,53,Transportation,CDL Driver - Street Sweeping,Sweeping Corporation of America,2.3,"Jackson, MS",$14 an hour,Not Remote
40, Mississippi,Jackson,53,Transportation,CDL Class A Driver- NEW DRIVER,RecruitCDL,,"Jackson, MS","$1,100 - $1,400 a week",Not Remote
41, Mississippi,Jackson,53,Transportation,Dedicated Lease Purchase Position,Music City Freight,,"Jackson, MS",$1.70 per mile,Not Remote
42, Mississippi,Jackson,53,Transportation,Truck Driver Class A,PRAIRIE FARMS DAIRY,3.0,"Jackson, MS","$34,000 - $50,000 a year",Not Remote
43, Mississippi,Jackson,53,Transportation,Truck Driver CDL A,Mighty Flame,,"Jackson, MS",$24 - $25 an hour,Not Remote
44, Mississippi,Jackson,53,Transportation,Appliance Installation Driver - Box Truck,UST Select,3.0,"Jackson, MS",$16 an hour,Not Remote
45, Mississippi,Jackson,53,Transportation,Delivery Driver/Contractor,DDC Logistics Inc.,,"Flowood, MS",$14 - $15 an hour,Not Remote
46, Mississippi,Jackson,53,Transportation,AMW48 Trucking/FedEx Ground Delivery Driver,AMW48 Trucking Corporation,,"Jackson, MS",$600 - $800 a week,Not Remote
47, Mississippi,Jackson,53,Transportation,Route Driver,"Baton Rouge Cargo Service, Inc.",,"Jackson, MS",Unknown,Not Remote
48, Mississippi,Jackson,53,Transportation,Transportation Supervisor--CDL Class A License Required,Merchants Foodservice,2.8,"Jackson, MS",Unknown,Not Remote
49, Mississippi,Jackson,53,Transportation,Class A TEAM Truck Drivers - FedEx Ground,Alpha Kilo Logistics Inc.,,"Jackson, MS","$1,436 - $1,865 a week",Not Remote
50, Mississippi,Jackson,53,Transportation,Local Driver - Home Nightly,HD Supply,3.4,"Flowood, MS",Unknown,Not Remote
51, Mississippi,Jackson,53,Transportation,Local Driver - Home Nightly,HD Supply,3.4,"Pearl, MS",Unknown,Not Remote
52, Mississippi,Jackson,53,Transportation,CDL Owner Operator,K and G Trucking,,"Jackson, MS","$3,000 - $5,000 a week",Not Remote
53, Mississippi,Jackson,53,Transportation,Route Driver,City Thrift | BuyThriftCareers.com,2.5,"Jackson, MS",Unknown,Not Remote
54, Mississippi,Jackson,53,Transportation,Van Driver,Woodlands Rehabilitation and Healthcare Center,4.0,"Clinton, MS",Unknown,Not Remote
55, Mississippi,Jackson,53,Transportation,Driver - CDL (B),Republic Services,3.1,"Flowood, MS",Unknown,Not Remote
56, Mississippi,Jackson,53,Transportation,Road Driver,YRC Freight,3.2,"Richland, MS",Unknown,Not Remote
